 ['isight',  'vs.',  'firewir']  1075444200.0  ['sean',  'bonner']  []  ['macfixitha',  'just',  'post',  'a',  'littl',  'troubleshoot',  'help',  'for',  'peopl',  'have',  'firewir',  'andamp;',  'isight',  'problems.',  'iand#8217;v',  'been',  'plug',  'in',  'my',  'firewir',  'dv',  'cam',  'to',  'us',  'ichat',  'av',  'and',  'donand#8217;t',  'have',  'an',  'isight',  'camera',  'myself',  'but',  'serious',  'everi',  'singl',  'person',  'i',  'know',  'who',  'doe',  'ha',  'mention',  'thei',  'have',  'to',  'unplug',  'the',  'camera',  'whenev',  'thei',  'arenand#8217;t',  'us',  'it',  'or',  'their',  'other',  'firewir',  'devic',  'start',  'act',  'and#8220;wonky.and#8221;']  2 0 0 http://www.tuaw.com/2004/01/30/isight-vs-firewire/
 ['idvd',  'help']  1075444200.0  ['sean',  'bonner']  []  ['jamesov',  'at',  'macmerc',  'ha',  'just',  'post',  'a',  'super',  'help',  'idvd',  'burn',  'faq',  'and',  'as',  'if',  'thatand#8217;',  'not',  'enough',  'heand#8217;',  'also',  'point',  'out',  'an',  'unoffici',  'ad-hoc',  'idvd4',  'faq',  'that',  'ken',  'tidwel',  'wrote.',  'these',  'should',  'pretti',  'much',  'cover',  'just',  'about',  'ani',  'question',  'you',  'can',  'come',  'up',  'with',  'about',  'get',  'your',  'burn',  'on',  'dvd',  'style.']  3 0 12 http://www.tuaw.com/2004/01/30/idvd-help/
 ['macintosh',  'stori']  1075444200.0  ['sean',  'bonner']  []  ['folklore.orgi',  'collect',  'stori',  'and',  'anecdot',  'about',  'the',  'develop',  'of',  'appleand#8217;',  'origin',  'macintosh',  'comput',  'and',  'the',  'peopl',  'who',  'creat',  'it.',  'as',  'of',  'thi',  'minut',  '69',  'stoi',  'have',  'been',  'post',  'as',  'well',  'as',  '11',  'imag',  '.',  'donand#8217;t',  'miss',  'the',  'vintag',  'woz.',  'via',  'macrumor']  3 0 0 http://www.tuaw.com/2004/01/30/macintosh-stories/
 ['40',  'hour',  'ipod',  'batteri']  1075444200.0  ['sean',  'bonner']  []  ['ipodhack',  'tip',  'us',  'off',  'to',  'thi',  'solut',  'for',  'everyon',  'complain',  'about',  'their',  'ipodand#8217;',  'batteri',  'life',  'or',  'even',  'for',  'someon',  'who',  'want',  'more',  'time',  'between',  'recharges.',  'batteri',  'technolog',  'introduc',  'thi',  'high',  'capac',  'extern',  'ipod',  'battery.',  'work',  'with',  'both',  'origin',  'and',  'new',  'school',  'ipod',  'no',  'mini',  'though',  'and',  'will',  'cost',  'you',  'about',  '$100',  'buck',  'but',  'thei',  'claim',  'itand#8217;',  'good',  'for',  '400',  'recharg',  'and',  'last',  '40',  'hour',  'per',  'pop.',  'and',  'it',  'ha',  'a',  'usb',  'port',  'so',  'you',  'can',  'plug',  'in',  'other',  'thing',  'like',  'a',  'pda',  'or',  'cellphon',  'if',  'you',  'need',  'to.',  'thatand#8217;',  'pretti',  'sweet',  'if',  'you',  'ask',  'me.']  2 0 0 http://www.tuaw.com/2004/01/30/40-hour-ipod-battery/
 ['hello',  'world',  '.']  1075530600.0  ['sean',  'bonner']  []  ['dearweblog',  'inc.',  'reader',  'and#8212;',  'hi.',  'my',  'name',  'is',  'sean',  'bonner.',  'you',  'might',  'rememb',  'me',  'from',  'such',  'websit',  'as',  'blogging.la',  'sixspace.com',  'bonrop.net',  'and',  'of',  'cours',  'seanbonner.com.',  'as',  'you',  'might',  'have',  'heard',  'iand#8217;m',  'go',  'to',  'be',  'blog',  'the',  'appl',  'scoop',  'here.',  'why',  'me',  'you',  'ask?',  'well',  'the',  'first',  'comput',  'i',  'ever',  'laid',  'a',  'finger',  'on',  'wa',  'an',  'appl',  'ii',  'in',  'grade',  'school',  'and',  'the',  'dai',  'it',  'came',  'out',  'my',  'famili',  'bought',  'a',  'macintosh',  '512.',  'it',  'came',  'standard',  'with',  'no',  'intern',  'hard',  'drive',  '512k',  'of',  'ram',  'a',  '9and#8221;',  'b/w',  'monitor',  'it',  'could',  'read',  'single-sid',  'floppi',  'disc',  'and',  'wa',  'scream',  'fast',  'at',  '8mhz.',  'iand#8217;v',  'been',  'hook',  'ever',  'since.',  'plu',  'becaus',  'iand#8217;m',  'a',  'mega-nerd',  'i',  'read',  'hundr',  'of',  'websit',  'everydai',  'thousand',  'even.',  'a',  'good',  'chunk',  'of',  'those',  'ar',  'appl',  'relat',  'and',  'iand#8217;ll',  'be',  'do',  'what',  'i',  'can',  'to',  'pass',  'the',  'most',  'interest',  'new',  'on',  'to',  'you',  'here.',  'i',  'hope',  'you',  'like',  'it.',  'sincer',  'sean']  5 0 1 http://www.tuaw.com/2004/01/31/hello-world/
 ['applescript',  'for',  'itun']  1075530600.0  ['sean',  'bonner']  []  ['wantitun',  'to',  'do',  'about',  '10',  'ba-zillion',  'thing',  'it',  'doesnand#8217;t',  'do',  'out',  'of',  'the',  'box?',  'then',  'you',  'need',  'to',  'check',  'out',  'dougand#8217;',  'applescript',  'for',  'itunes.',  'itand#8217;',  'a',  'site',  'with',  'over',  '250',  'user',  'submit',  'applescript',  'to',  'help',  'you',  'do',  'well',  'just',  'about',  'anyth',  'you',  'want.']  1 0 0 http://www.tuaw.com/2004/01/31/applescripts-for-itunes/
 ['ipod',  '10',  '%',  'off']  1075530600.0  ['sean',  'bonner']  []  ['1520',  'and',  '40',  'gb',  'models.',  'plu',  'some',  'select',  'accessori',  'also',  'get',  'the',  'discount.',  'the',  'catch',  'is',  'thi',  'offer',  'is',  'good',  'todai',  'and',  'tomorrow',  'only.',  'so',  'you',  'now',  'have',  'less',  'than',  '48',  'hour',  'to',  'close',  'the',  'deal.',  'via',  'macnn']  1 0 0 http://www.tuaw.com/2004/01/31/ipods-10-off/
 ['100',  'million',  'free',  'song',  'from',  'pepsi',  'and',  'itun']  1075530600.0  ['sean',  'bonner']  []  ['onsup',  'bowl',  'sundai',  'appl',  'and',  'pepsi',  'will',  'launch',  'a',  'histor',  'promot',  'to',  'legal',  'give',  'awai',  '100',  'million',  'free',  'song',  'to',  'mac',  'and',  'window',  'pc',  'user',  'from',  'appleand#8217;',  'itun',  'music',  'store',  'and#8212;',  'the',  'worldand#8217;',  'number',  'on',  'digit',  'music',  'service.',  'begin',  'februari',  '1',  '100',  'million',  'win',  'code',  'will',  'be',  'randomli',  'seed',  'in',  '20-ounc',  'and',  '1-liter',  'bottl',  'of',  'pepsi',  'diet',  'pepsi',  'and',  'sierra',  'mist',  'and',  'the',  'win',  'code',  'will',  'be',  'redeem',  'for',  'a',  'free',  'song',  'from',  'the',  'itun',  'music',  'store',  'thei',  'ar',  'kick',  'off',  'the',  'promot',  'with',  'a',  'bunch',  'of',  'ad',  'that',  'will',  'air',  'dure',  'the',  'super',  'bowl.',  'appleand#8217;',  'press',  'releas',  'includ',  'some',  'screenshot',  'from',  'the',  'ad',  'but',  'appl',  'insid',  'ha',  'a',  'full',  'commer',  'in',  'quicktim',  'and',  'macrumor',  'ha',  'link',  'to',  'a',  'few',  'mirror',  'host',  'the',  'file',  'macminut',  'point',  'out',  'that',  'everi',  'other',  'drink/mus',  'compani',  'is',  'wast',  'no',  'time',  'at',  'all',  'to',  'rip',  'off',  'thi',  'idea.',  'and',  'why',  'not?',  'analyst',  'ar',  'sai',  'thi',  'littl',  'gimick',  'is',  'good',  'for',  '5-10',  'million',  'sale',  'per',  'week',  'by',  'summer',  'or',  '200',  'million',  'song',  'for',  'the',  'year.',  'just',  'in',  'case',  'you',  'miss',  'that',  'let',  'me',  'repeat',  '-',  '5',  'to',  '10',  'million',  'per',  'week.']  5 0 2 http://www.tuaw.com/2004/01/31/100-million-free-songs-from-pepsi-and-itunes/
 ['saturdai',  '7',  '-',  '01.31.04']  1075530600.0  ['sean',  'bonner']  []  ['ifigur',  'with',  'all',  'the',  'softwar',  'releas',  'everi',  'dai',  'i',  'can',  'find',  'at',  'least',  'on',  'cool',  'program',  'everi',  '24',  'hours.',  'that',  'would',  'make',  '7',  'a',  'week',  'which',  'iand#8217;ll',  'try',  'to',  'pass',  'along',  'to',  'you',  'everi',  'saturday.',  'the',  'saturdai',  '7',  'if',  'you',  'will.',  'iand#8217;d',  'love',  'to',  'promis',  '100%',  'consist',  'but',  'let',  'just',  'sai',  'iand#8217;ll',  'try',  'real',  'hard.',  'enjoy.',  'you',  'control',  'a',  'flexibl',  'menu',  'util',  'that',  'allow',  'you',  'to',  'put',  'commonli',  'us',  'item',  'includ',  'file',  'and',  'folder',  'at',  'your',  'fingertips.',  'dinctyp',  'dinctyp',  'ha',  'ha',  'sever',  'free',  'and',  'limit',  'font',  'some',  'with',  'a',  'valentin',  'dai',  'flare.',  'grab',  'them',  'while',  'you',  'can.',  'toysight',  'pictur',  'right',  'a',  'set',  'of',  'game',  'and',  'toi',  'to',  'plai',  'us',  'your',  'isight',  'or',  'firewir',  'camera.',  'us',  'a',  'system',  'of',  'object',  'and',  'motion',  'detect',  'to',  'track',  'your',  'posit',  'toysight',  'allow',  'you',  'to',  'control',  'button',  'slider',  'and',  'perform',  'gestur',  'on',  'the',  'screen',  'put',  'you',  'right',  'in',  'the',  'action!',  'sure',  'you',  'look',  'like',  'an',  'idiot',  'while',  'you',  'ar',  'plai',  'but',  'at',  'least',  'your',  'friend',  'will',  'be',  'entertained.',  'name',  'those',  'files!',  'allow',  'you',  'to',  'easili',  'renam',  'batch',  'of',  'file',  'on',  'your',  'mac',  'us',  'advanc',  'number',  'trim',  'and',  'search',  'andamp;',  'replac',  'capabilities.',  'thi',  'is',  'a',  'godsend',  'if',  'you',  'have',  'batch',  'of',  'imag',  'or',  'html',  'file',  'that',  'you',  'regularli',  'have',  'to',  'rename.',  'maestro',  '1.2.1',  'you',  'wanna',  'be',  'an',  'astronaut',  'when',  'you',  'grow',  'up?',  'too',  'late.',  'howev',  'thi',  'might',  'help',  'you',  'live',  'the',  'dream.',  'a',  'publicli',  'avail',  'version',  'of',  'the',  'tool',  'us',  'by',  'scientist',  'to',  'plan',  'daili',  'activ',  'for',  'the',  'mar',  'explor',  'rover',  'mission.',  'with',  'maestro',  'you',  'can',  'view',  'pictur',  'taken',  'by',  'the',  'rover',  'select',  'drive',  'destin',  'and',  'point',  'of',  'interest',  'where',  'you',  'want',  'to',  'take',  'you',  'own',  'pictures.',  'itand#8217;',  'marstacular!',  'fire',  'fire',  'is',  'a',  'free',  'instant',  'messag',  'client',  'for',  'mac',  'os',  'x.',  'it',  'support',  'all',  'of',  'the',  'most',  'popular',  'instant',  'messag',  'servic',  'in',  'on',  'easy-to-us',  'applic',  'lot',  'of',  'useless',  'app',  'john',  'schill',  'make',  'some',  'of',  'the',  'most',  'useless',  'and',  'entertain',  'mac',  'softwar',  'around.',  'worth',  'download',  'for',  'the',  'and#8216;read',  'meand#8217;',  'file',  'alone.',  'recent',  'version',  'of',  'conan',  'the',  'librarian',  'an',  'app',  'that',  'tell',  'you',  'to',  'shut',  'up',  'when',  'you',  'get',  'too',  'noisi',  'binclocken',  'a',  'desktop',  'binari',  'clock',  'power',  'orgasm',  'and',  'macbarf',  'avail',  'now.']  7 0 2 http://www.tuaw.com/2004/01/31/saturday-7-01-31-04/
 ['better',  'togeth']  1075530600.0  ['sean',  'bonner']  []  ['needa',  'new',  'computer?',  'want',  'a',  'free',  'printer',  'to',  'go',  'with',  'it?',  'lucki',  'for',  'you',  'appli',  'is',  'run',  'the',  'and#8220;bett',  'togetherand#8220;',  'promo',  'campaign.',  'basic',  'throw',  'down',  'for',  'a',  'new',  'mac',  'and',  'you',  'get',  'a',  'epson',  'stylu',  'c84',  'ink',  'jet',  'printer',  'free.',  'alreadi',  'have',  'an',  'ink',  'jet',  'printer',  'and',  'want',  'someth',  'els',  'instead?',  'no',  'problem',  'theyand#8217;l',  'give',  'you',  'a',  '$99',  'credit',  'toward',  'a',  'few',  'other',  'epson',  'printer',  'instead.',  'thi',  'deal',  'end',  'march',  '27',  '2004.']  1 0 0 http://www.tuaw.com/2004/01/31/better-together/
 ['1984',  'is',  '#',  '4']  1075617000.0  ['sean',  'bonner']  []  ['and#8220;since1967',  'there',  'have',  'been',  '37',  'super',  'bowl',  'with',  'approxim',  '60',  'spot',  'each',  'total',  'more',  'than',  '2200',  'super',  'bowl',  'commercials.and#8221;',  'cb',  'held',  'a',  'contest',  'where',  'peopl',  'could',  'vote',  'and',  'choos',  'the',  'best',  'super',  'bowl',  'commer',  'of',  'all',  'time',  'and',  'appleand#8217;',  '1984',  'spot',  'clock',  'in',  'at',  '4th',  'place.',  'not',  'bad',  'at',  'all.',  'thi',  'wa',  'massiv',  'new',  'about',  '5',  'hour',  'ago',  'so',  'my',  'apolog',  'if',  'youand#8217;v',  'read',  'it',  '90',  'other',  'place',  'already.']  1 0 2 http://www.tuaw.com/2004/02/01/1984-is-4/
 ['pepsi/itun',  'is',  'a',  'go',  '!']  1075617000.0  ['sean',  'bonner']  []  ['whileth',  'commerci',  'havenand#8217;t',  'air',  'yet',  'the',  'green',  'dai',  'version',  'of',  'and#8220;i',  'fought',  'the',  'lawand#8221;',  'is',  'alreadi',  'avail',  'from',  'the',  'itun',  'music',  'store.',  'and',  'sinc',  'todai',  'offici',  'launch',  'the',  'promot',  'a',  'and#8220;redeem',  'songand#8221;',  'button',  'ha',  'also',  'been',  'ad',  'to',  'the',  'store.via',  'macminut']  4 0 0 http://www.tuaw.com/2004/02/01/pepsi-itunes-is-a-go/
 ['atom',  'ti',  'iphoto',  'to',  'typepad']  1075617000.0  ['sean',  'bonner']  []  ['jerrysteel',  'ha',  'been',  'work',  'on',  'a',  'script',  'us',  'the',  'atom',  'api',  'to',  'export',  'photo',  'from',  'iphoto',  'directli',  'into',  'hi',  'typepad',  'blog.',  'heand#8217;',  'got',  'a',  'demo',  'version',  'work',  'and',  'is',  'finish',  'up',  'a',  'sharewar',  'version',  'now.']  1 0 0 http://www.tuaw.com/2004/02/01/atom-ties-iphoto-to-typepad/
 ['disk',  'util',  'from',  'the',  'termin']  1075703400.0  ['sean',  'bonner']  []  ['macmercprovid',  'thi',  'tip',  'of',  'the',  'week',  'to',  'help',  'you',  'optim',  'your',  'hardriv',  'with',  'out',  'us',  'instal',  'disks:',  'and#8220;how',  'do',  'you',  'run',  'disk',  'util',  'or',  'someth',  'similar',  'without',  'restart',  'from',  'your',  'instal',  'disk?',  'just',  'restart',  'hold',  'and#8216;command-sand#8217;',  'rememb',  'and#8220;sav',  'meand#8221;',  'for',  'you',  'word',  'processor',  'user',  'and',  'youand#8217;ll',  'be',  'introduc',  'to',  'a',  'new',  'screen.',  'the',  'screen',  'will',  'be',  'black',  'featur',  'white',  'text',  'and',  '5',  'color',  'letter',  'in',  'the',  'word',  'and#8216;colorand#8217;.',  'onc',  'the',  'verbos',  'word',  'load',  'ha',  'finish',  'youand#8217;ll',  'recogn',  'what',  'appear',  'to',  'be',  'the',  'terminal.',  'enter',  'and#8221;/sbin/fsck',  '-yand#8221;',  'or',  'and#8221;/sbin/fsck',  '-fand#8221;',  'if',  'you',  'have',  'journal',  'enabl',  'and',  'hit',  'and#8216;enterand#8217;.',  'youand#8217;ll',  'want',  'to',  'continu',  'thi',  'string',  'until',  'it',  'find',  'no',  'more',  'problem',  'fix',  'a',  'problem',  'mai',  'make',  'anoth',  'problem',  'moreandhellip;visible.',  'when',  'youand#8217;r',  'done',  'enter',  'and#8220;rebootand#8221;',  'and',  'hit',  'and#8216;enterand#8217;.',  'and#8221;']  2 0 2 http://www.tuaw.com/2004/02/02/disk-utility-from-the-terminal/
 ['appl',  'in',  'austin']  1075703400.0  ['sean',  'bonner']  []  ['macnnreport',  'that',  'appl',  'is',  'ey',  'retail',  'space',  'in',  'austin',  'tx.',  'it',  'look',  'like',  'thei',  'ar',  'negoti',  'to',  'leas',  'roughli',  '275000',  'squar',  'feet',  'in',  'nw',  'austin',  'a',  'space',  'previous',  'rent',  'by',  'internet',  'compani',  'eds.',  'and#8220;th',  'pend',  'deal',  'is',  'be',  'interpret',  'as',  'a',  'posit',  'sign',  'for',  'the',  'northwest',  'austin',  'submarket',  'which',  'ha',  'been',  'plagu',  'with',  'excess',  'space',  'and',  'the',  'highest',  'offic',  'vacanc',  'rate',  'in',  'the',  'citi',  'and#8212;',  'roughli',  '28',  'percent.and#8221;']  2 0 1 http://www.tuaw.com/2004/02/02/apple-in-austin/
 ['safari',  '1.2',  'releas']  1075703400.0  ['sean',  'bonner']  []  ['asif',  'on',  'que',  'appl',  'releas',  'safari',  '1.2.',  'avail',  'from',  'their',  'site',  'or',  'via',  'softwar',  'update.',  'itand#8217;',  'got',  'a',  'whole',  'slew',  'of',  'improv',  'most',  'importatli',  'it',  'now',  'work',  'with',  'java',  '1.4.2']  1 0 0 http://www.tuaw.com/2004/02/02/safari-1-2-released/
 ['need',  'a',  'new',  'browser',  '?']  1075703400.0  ['sean',  'bonner']  []  ['doyou',  'us',  'a',  'new',  'browser',  'everi',  'day?',  'bore',  'with',  'safari?',  'crush',  'by',  'mozilla?',  'burn',  'by',  'firebird?',  'camino?',  'no.',  'sound',  'like',  'you',  'ar',  'the',  'type',  'who',  'need',  'to',  'go',  'grab',  'a',  'copi',  'of',  'the',  'omni',  'groupand#8217;',  'new',  'omniweb',  'browser.',  'itand#8217;',  'beta',  'ha',  'known',  'bug',  'and',  'still',  'veri',  'under',  'construct',  'but',  'hey!',  'itand#8217;',  'new!']  5 0 1 http://www.tuaw.com/2004/02/02/need-a-new-browser/
 ['on',  'music',  'file',  'to',  'rule',  'them',  'all']  1075703400.0  ['sean',  'bonner']  []  ['reuters/billboardar',  'report',  'that',  'appl',  'and',  'microsoft',  'ar',  'talk',  'about',  'how',  'to',  'unifi',  'the',  'world',  'of',  'digit',  'music',  'so',  'that',  'all',  'the',  'devic',  'could',  'plai',  'nice.',  'while',  'the',  'appl',  'peopl',  'werenand#8217;t',  'quot',  'microsoft',  'said:',  'and#8220;thereand#8217;',  'a',  'lot',  'of',  'buzz',  'go',  'around',  'about',  'how',  'to',  'bridg',  'the',  'gap',  'to',  'creat',  'a',  'seamless',  'experience.',  'but',  'there',  'ar',  'some',  'tough',  'issu',  'with',  'thatand#8221;',  'sai',  'dave',  'fester',  'gm',  'of',  'microsoftand#8217;',  'window',  'digit',  'media',  'division.',  'and#8220;w',  'collect',  'need',  'to',  'do',  'the',  'right',  'thing',  'for',  'the',  'consumer.and#8221;',  'while',  'i',  'agre',  'some',  'kind',  'of',  'stardard',  'would',  'be',  'cool',  'iand#8217;m',  'pretti',  'sure',  'we',  'alreadi',  'had',  'it',  'with',  'mp3',  'befor',  'everyon',  'start',  'get',  'so',  'greedy.']  1 0 0 http://www.tuaw.com/2004/02/02/one-music-file-to-rule-them-all/
 ['40mb',  'of',  'free',  'loop']  1075703400.0  ['sean',  'bonner']  []  ['macmercreport',  'that',  'bitshift',  'audio',  'is',  'offer',  '40mb',  'of',  'free',  'loop',  'for',  'garageband.',  'and#8220;our',  'resid',  'beat',  'programm',  'art',  'gillespi',  'aka',  'bitshift',  'is',  'so',  'excit',  'about',  'garageband',  'and',  'the',  'new',  'appl',  'loop',  'file',  'format',  'that',  'he',  'put',  'togeth',  'thi',  'collect',  'of',  'free',  'electro/breakbeat',  'drum',  'and',  'synth',  'loop',  'from',  'hi',  'forthcom',  'appl',  'loop',  'cd',  'and#8216;bitshiftand#8217;',  'banginand#8217;',  'beatsand#8217;',  'for',  'everyon',  'to',  'download',  'for',  'free.and#8221;',  'you',  'give',  'them',  'your',  'e-mail',  'which',  'thei',  'promis',  'not',  'to',  'do',  'anyth',  'nasti',  'with',  'and',  'thei',  'give',  'you',  'the',  'files.',  'trick',  'is',  'itand#8217;',  '40mb',  'of',  'free',  'file',  'so',  'everyon',  'in',  'the',  'world',  'is',  'try',  'to',  'grab',  'them',  'caus',  'mad',  'bandwidth',  'issues.',  'thei',  'keep',  'move',  'the',  'file',  'to',  'make',  'it',  'easier',  'but',  'thatand#8217;',  'not',  'go',  'to',  'last.',  'if',  'you',  'ar',  'the',  'garageband',  'type',  'donand#8217;t',  'wast',  'ani',  'time.']  4 0 0 http://www.tuaw.com/2004/02/02/40mb-of-free-loops/
 ['googl',  'beat',  'out',  'appl',  'for',  'brand',  'of',  'the',  'year']  1075789800.0  ['jason',  'mccabe',  'calacanis']  []  ['googleha',  'beat',  'out',  'appl',  'and',  'even',  'my',  'mini',  'cooper',  'as',  'global',  'brand',  'of',  'the',  'year!']  0 0 0 http://www.tuaw.com/2004/02/03/google-beats-out-apple-for-brand-of-the-year/
 ['pcand',  '#',  '8217',  ';',  'd',  'g5',  'is',  'a',  'hoax']  1075789800.0  ['sean',  'bonner']  []  ['overclockerswho',  'broke',  'the',  'new',  'about',  'the',  'kid',  'who',  'turn',  'hi',  'g5',  'into',  'a',  'pc',  'just',  'post',  'thi',  'confession:',  'and#8220;i',  'have',  'been',  'feel',  'a',  'littl',  'guilti',  'about',  'caus',  'so',  'mani',  'peopl',  'out',  'there',  'to',  'have',  'nightmar',  'depress',  'and',  'sick',  'from',  'my',  'littl',  'joke.',  'the',  'reaction',  'of',  'peopl',  'word',  'wide',  'ha',  'blown',  'me',  'away.',  'i',  'never',  'intend',  'for',  'such',  'a',  'thing',  'to',  'happen.',  'my',  'in',  'box',  'went',  'from',  '1%',  'to',  '100%',  'in',  '2',  'dai',  '1300',  'messages.',  'so',  'mani',  'peopl',  'were',  'point',  'out',  'what',  'a',  'stupid',  'thing',  'to',  'do',  'so',  'mani',  'peopl',  'were',  'tell',  'me',  'of',  'feel',  'sick',  'some',  'even',  'said',  'thei',  'cried.',  'i',  'felt',  'bad',  'for',  'those',  'people.',  'it',  'wa',  'amus',  'to',  'read',  'thing',  'like',  'and#8220;i',  'should',  'be',  'hung',  'by',  'my',  'testicl',  'and',  'lit',  'on',  'fireand#8221;',  'or',  'the',  'constant',  'refer',  'to',  'and#8220;tak',  'a',  'porsch',  'and',  'replac',  'the',  'engin',  'with',  'a',  'kiasand#8221;.',  'most',  'peopl',  'cri',  'out',  'in',  'horror',  'and',  'carefulli',  'point',  'out',  'the',  'error',  'of',  'do',  'such',  'a',  'silli',  'thing.',  'i',  'am',  'sure',  'you',  'ar',  'wonder',  'why',  'thi',  'all',  'took',  'place.',  'ar',  'the',  'pictur',  'real?',  'yes.',  'is',  'it',  'my',  'own',  'g5',  'case',  'that',  'ha',  'been',  'cut',  'and',  'hacked?',  'yes.',  'did',  'i',  'give',  'awai',  'two',  'g5',  '2ghz',  'processor',  'ibm',  'pc',  '970?',  'no!',  'so',  'what',  'happened?',  'i',  'got',  'a',  'free',  'g5',  'shell',  'from',  'a',  'buddi',  'of',  'mine',  'and',  'pull',  'a',  'prank',  'on',  'a',  'mac',  'love',  'friend.',  'he',  'got',  'so',  'upset.',  'i',  'wrote',  'up',  'a',  'littl',  'stori',  'my',  'imagin',  'and',  'warp',  'sens',  'of',  'humor',  'kick',  'in.',  'i',  'sent',  'it',  'to',  'oc.com',  'just',  'to',  'see',  'the',  'reaction.',  'i',  'honestli',  'didnand#8217;t',  'think',  'it',  'wa',  'go',  'to',  'be',  'posted.',  'i',  'cannot',  'believ',  'how',  'fast',  'or',  'how',  'far',  'it',  'ha',  'spread',  'on',  'the',  'internet.',  'there',  'ar',  'an',  'amaz',  'number',  'of',  'peopl',  'who',  'ar',  'emotion',  'attach',  'to',  'inanim',  'object',  'such',  'as',  'computers.',  'mac',  'fan',  'seem',  'to',  'be',  'much',  'wors',  'that',  'i',  'ever',  'expected.',  'the',  'g5',  'is',  'amaz',  'i',  'would',  'never',  'dream',  'of',  'realli',  'do',  'that',  ';',  'andi',  '-',  'g5',  'killerand#8221;',  'via',  'macnn',  'update:wir',  'new',  'report',  'on',  'thi',  'includ',  'detail',  'of',  'the',  'death',  'threat',  'and',  'other',  'ill',  'tide',  'and#8220;andyand#8221;',  'receiv',  'that',  'led',  'up',  'to',  'hi',  'confession.']  3 0 0 http://www.tuaw.com/2004/02/03/pcd-g5-is-a-hoax/
 ['photo',  'printer',  'roundup']  1075789800.0  ['sean',  'bonner']  []  ['everyonei',  'yap',  'on',  'and',  'on',  'about',  'their',  'new',  'photo',  'printer',  'and',  'how',  'much',  'it',  'rule',  'and',  'blah',  'blah',  'blah.',  'the',  'on',  'photo',  'printer',  'i',  'ever',  'had',  'sucked.',  'howand#8217;',  'a',  'gui',  'suppos',  'to',  'know',  'where',  'to',  'find',  'photo',  'print',  'salvation?',  'lucki',  'for',  'me',  'macworld',  'just',  'review',  'a',  'bunch',  'of',  'them.',  'and#8220;in',  'thi',  'roundup',  'we',  'look',  'at',  'two',  'new',  'printer',  'from',  'canon',  'and#8212;',  'the',  '$250',  'i900d',  'and',  'the',  '$200',  'i960',  'and#8212;',  'epsonand#8217;',  '$179',  'stylu',  'photo',  'r300',  'pictur',  'right',  'hewlett-packardand#8217;',  '$300',  'photosmart',  '7960',  'and',  'lexmarkand#8217;',  '$80',  'z705.',  'we',  'also',  'includ',  'an',  'outlier',  'the',  '$499',  'olympu',  'p-440',  'which',  'us',  'dye-sublim',  'rather',  'than',  'ink-jet',  'technolog',  'to',  'produc',  'prints.and#8221;',  'btw',  'the',  'cannonand#8217;',  'and',  'epson',  'blew',  'the',  'other',  'away.']  1 0 0 http://www.tuaw.com/2004/02/03/photo-printer-roundup/
 ['pixelpalooza',  '2004']  1075789800.0  ['sean',  'bonner']  []  ['itand#8217;sth',  'time',  'of',  'year',  'iconist',  'or',  'icon',  'artist',  'have',  'been',  'dream',  'about.',  'pixelpalooza',  '2004',  'ha',  'open',  'itand#8217;',  'door',  'and',  'is',  'accept',  'entri',  'from',  'now',  'until',  'march',  '31st',  'with',  'a',  'winner',  'to',  'be',  'announc',  'mid',  'april.',  'and#8220;pixelpalooza',  'is',  'an',  'annual',  'forum',  'for',  'all',  'icon',  'artist',  'iconist',  'as',  'we',  'like',  'to',  'call',  'them',  'to',  'strut',  'their',  'stuff',  'and',  'show',  'how',  'much',  'talent',  'is',  'realli',  'out',  'there.',  'the',  'main',  'purpos',  'of',  'the',  'contest',  'is',  'to',  'energ',  'the',  'macintosh',  'icon',  'commun',  'and',  'gener',  'a',  'lot',  'of',  'fun',  'in',  'the',  'process.',  'but',  'we',  'also',  'give',  'awai',  'veri',  'cool',  'prize',  'as',  'well.and#8221;',  'the',  'categori',  'ar',  'mac',  'os',  'x',  'candybar',  'and',  'clasic',  'mac',  'os.',  'the',  'imag',  'to',  'the',  'right',  'is',  'by',  'christoph',  'bouchard',  'last',  'year',  'first',  'place',  'in',  'the',  'candybar',  'category.',  'via',  'macnn']  2 0 0 http://www.tuaw.com/2004/02/03/pixelpalooza-2004/
 ['xserv',  'and',  '20and',  '#',  '8221',  ';',  'imac',  'review']  1075789800.0  ['sean',  'bonner']  []  ['inhi',  'usa',  'todai',  'column',  'cyberspeak',  'gene',  'steinberg',  'take',  'a',  'look',  'at',  'the',  '20and#8221;',  'imac',  'and',  'walk',  'awai',  'love',  'it.',  'itand#8217;',  'fair',  'to',  'sai',  'that',  'appl',  'comput',  'probabl',  'ha',  'the',  'best',  'industri',  'design',  'group',  'of',  'ani',  'pc',  'maker.',  'and',  'you',  'can',  'bet',  'the',  'current',  'gener',  'imac',  'turn',  'heads.',  'most',  'of',  'you',  'have',  'seen',  'the',  'dome',  'base',  'the',  'articul',  'stainless',  'steel',  'arm',  'and',  'the',  'flat',  'panel',  'displai',  'that',  'seem',  'to',  'float',  'in',  'space.',  'and',  'computerworld',  'sai',  'xserv',  'is',  'a',  'dream',  'machine.',  'all',  'in',  'all',  'the',  'xserv',  'g5',  'is',  'not',  'someth',  'most',  'mac',  'user',  'will',  'focu',  'on.',  'but',  'for',  'mac',  'administr',  'especi',  'those',  'in',  'compani',  'and',  'institut',  'with',  'a',  'high',  'demand',  'for',  'fast',  'reliabl',  'network',  'servic',  'the',  'xserv',  'g5',  'seem',  'like',  'a',  'dream',  'machine.']  2 0 0 http://www.tuaw.com/2004/02/03/xserve-and-20-imac-reviews/
 ['.mac',  'mail',  'woe']  1075876200.0  ['sean',  'bonner']  []  ['ina',  '.mac',  'discuss',  'thread',  'an',  'appl',  'repres',  'acknowledg',  'that',  '.mac',  'mail',  'wasnand#8217;t',  'work',  'as',  'it',  'should',  'from',  '12:30pm',  'to',  '4:00pm',  'pst',  'on',  'monday.',  'thei',  'advis',  'that',  'and#8220;if',  'you',  'suspect',  'that',  'a',  'messag',  'sent',  'to',  'you',  'ha',  'not',  'arriv',  'you',  'mai',  'wish',  'to',  'have',  'the',  'origin',  'resend',  'it.and#8221;',  'and',  'if',  'thatand#8217;',  'not',  'bad',  'enough',  'the',  'broadband',  'isp',  'road',  'runner',  's',  'current',  'reject',  'all',  'email',  'sent',  'from',  '.mac.',  'via',  'macfixit']  1 0 0 http://www.tuaw.com/2004/02/04/mac-mail-woes/
 ['thing',  'that',  'make',  'you',  'go',  'and',  '#',  '8220',  ';',  'huh',  '?',  'and',  '#',  '8221',  ';']  1075876200.0  ['sean',  'bonner']  []  ['afew',  'notabl',  'todai',  'for',  'your',  'and#8220;what',  'the',  'crap',  'ar',  'those',  'peopl',  'thinkingand#8221;',  'new',  'section.',  'mani',  'peopl',  'have',  'appl',  'loan',  '-',  'i',  'got',  'on',  'in',  'colleg',  'itand#8217;',  'basic',  'a',  'credit',  'line',  'for',  'appl',  'products.',  'back',  'in',  'my',  'dai',  'i',  'had',  'to',  'write',  'out',  'a',  'check',  'everi',  'month',  'and',  'mail',  'in',  'the',  'payment',  'howev',  'like',  'a',  'lot',  'of',  'bill',  'todai',  'peopl',  'have',  'the',  'option',  'to',  'pai',  'their',  'account',  'online.',  'the',  'bank',  'that',  'servic',  'the',  'appl',  'loan',  'is',  'mbna',  'which',  'recent',  'and#8220;upgradedand#8221;',  'their',  'onlin',  'bill',  'payment',  'system',  'from',  'their',  'own',  'proprietari',  'web-bas',  'system',  'to',  'a',  'third',  'parti',  'system',  'call',  'checkfree.',  'checkfre',  'doesnand#8217;t',  'support',  'mac.',  'so',  'in',  'order',  'to',  'pai',  'the',  'appl',  'loan',  'onlin',  'you',  'canand#8217;t',  'us',  'the',  'appl',  'product',  'you',  'just',  'bought.',  'great',  'think',  'on',  'that',  'on',  'guys!',  'actual',  'thatand#8217;',  'not',  'entir',  'true',  'you',  'can',  'us',  'the',  'safari',  'debugg',  'menu',  'to',  'chang',  'my',  'user',  'agent',  'to',  'and#8220;window',  'msie',  '6.0and#8221;',  'and',  'it',  'seem',  'to',  'work',  'but',  'still.',  'addition',  'i',  'went',  'to',  'the',  'appl',  'store',  'the',  'other',  'dai',  'to',  'bui',  'some',  'usb',  'cabl',  'and',  'thing',  'and',  'learn',  'due',  'to',  'a',  'new',  'polici',  'peopl',  'can',  'no',  'longer',  'pai',  'with',  'a',  'compani',  'check',  'at',  'the',  'store',  'unless',  'their',  'name',  'is',  'print',  'on',  'the',  'check.',  'it',  'made',  'no',  'differ',  'that',  'i',  'had',  'credit',  'card',  'with',  'my',  'name',  'and',  'the',  'compani',  'name',  'busi',  'card',  'with',  'my',  'name',  'and',  'the',  'compani',  'name',  'id',  'noth',  'mattered.',  'my',  'name',  'had',  'to',  'be',  'on',  'the',  'compani',  'check.',  'while',  'thi',  'is',  'a',  'slight',  'headach',  'for',  'me',  'and',  'my',  'and#8220;und',  '10',  'employeeand#8221;',  'busi',  'iand#8217;d',  'imagin',  'thi',  'is',  'go',  'to',  'be',  'a',  'nightmar',  'for',  'some',  'larger',  'companies.',  'i',  'person',  'know',  'a',  'lot',  'of',  'peopl',  'who',  'us',  'compani',  'check',  'specif',  'becaus',  'thei',  'donand#8217;t',  'have',  'their',  'name',  'on',  'them.']  3 0 0 http://www.tuaw.com/2004/02/04/things-that-make-you-go-huh/
 ['order',  'by',  'valentineand',  '#',  '8217',  ';',  's',  'dai',  'save',  '$',  '30']  1075876200.0  ['sean',  'bonner']  []  ['and#8220;buyonlin',  'at',  'the',  'appl',  'store',  'by',  'februari',  '14',  'and',  'you',  'can',  'save',  '$30',  'instantli',  'on',  'ani',  'order',  'total',  '$299',  'or',  'more.*',  'itand#8217;',  'the',  'perfect',  'opportun',  'to',  'give',  'your',  'special',  'valentin',  'the',  'ipod',  'theyand#8217;v',  'been',  'want',  'so',  'thei',  'can',  'take',  'the',  'music',  'thei',  'love',  'with',  'them',  'wherev',  'thei',  'go.',  'the',  'new',  '15gb',  'model',  'cost',  'onli',  '$299',  'and',  'hold',  'more',  'than',  '3700',  'song',  'in',  'a',  'packag',  'that',  'look',  'and',  'feel',  'as',  'eleg',  'as',  'it',  'sounds.**',  'place',  'your',  'order',  'todai',  'and',  'you',  'can',  'add',  'laser',  'engrav',  'for',  'free',  'and',  'save',  '$30',  'instantli',  'as',  'well.***and#8221;',  'thi',  'offer',  'is',  'good',  'onlin',  'onli',  'and',  'you',  'need',  'to',  'enter',  'offer',  'code',  'and#8216;kqyuv9u97wand#8217;',  'for',  'the',  'discount',  'to',  'apply.via',  'macminut']  2 0 0 http://www.tuaw.com/2004/02/04/order-by-valentines-day-save-30/
